pc_processdate,pc_nomcomred,pc_numdoc,pc_email,pc_telefono,pc_direccion
2026-10-07,Mercado Aurora,0012345678,comercio1@example.com,0000000001,"Avenida Ficticia, Local 1"
2026-10-07,Café Sur,0098765432,comercio2@example.com,0000000002,"Avenida Ficticia, Local 2"
2026-10-07,El Portal,0000000002,comercio3@example.com,0000000003,"Avenida Ficticia, Local 3"
2026-10-07,Bazar Norte,1234567890,comercio4@example.com,0000000004,"Avenida Ficticia, Local 4"
2026-10-07,,1111111111,comercio5@example.com,0000000005,"Avenida Ficticia, Local 5"
2026-10-07,   ,2222222222,comercio6@example.com,0000000006,"Avenida Ficticia, Local 6"
2026-10-07,Documento con letras,099A123456,comercio7@example.com,0000000007,"Avenida Ficticia, Local 7"
2026-10-07,Documento con símbolos,099-123456,comercio8@example.com,0000000008,"Avenida Ficticia, Local 8"
2026-10-07,Documento vacío,,comercio9@example.com,0000000009,"Avenida Ficticia, Local 9"
2026-10-07,,A-1,comercio10@example.com,0000000010,"Avenida Ficticia, Local 10"
2026-10-07,Documento con espacios, 090123 ,comercio11@example.com,0000000011,"Avenida Ficticia, Local 11"
2026-10-07,Dígitos no ASCII,٠١٢٣,comercio12@example.com,0000000012,"Avenida Ficticia, Local 12"
2026-10-08,Tienda Luz,0033333333,comercio13@example.com,0000000013,"Avenida Ficticia, Local 13"
2026-10-08,,4444444444,comercio14@example.com,0000000014,"Avenida Ficticia, Local 14"
2026-10-08,Comercio sin documento,,comercio15@example.com,0000000015,"Avenida Ficticia, Local 15"
